"","patient_id","gene_name","variant_name","comment","vaf","pop_freq","ethnicity","cancer_type"
"1",1,"BRCA1","E1038G","Associated with increased risk of breast and ovarian cancer",0.35,0.01,"Asian","Breast"
"2",2,"BRCA1","E1038G","Associated with increased risk of breast and ovarian cancer",0.48,0.01,"Caucasian","Ovarian"
"3",3,"FLT3","D835Y","Associated with poor prognosis in acute myeloid leukemia patients",0.15,0.02,"African American","Acute myeloid leukemia"
"4",4,"GATA2","R396C","Associated with susceptibility to myelodysplastic syndrome",0.22,0.05,"Hispanic","Myelodysplastic syndrome"
"5",5,"JAK2","V617F","Found in many cases of myeloproliferative neoplasms",0.67,0.02,"Caucasian","Myeloproliferative neoplasm"
"6",6,"MAP2K1","K57N","Associated with increased risk of colorectal cancer",0.41,0.1,"African American","Colorectal"
"7",7,"NOTCH1","P2514R","Found in many cases of T-cell acute lymphoblastic leukemia",0.58,0.07,"Hispanic","T-cell acute lymphoblastic leukemia"
"8",8,"PIK3CA","E542K","Frequently mutated in various cancers, including breast, colon, and lung",0.72,0.03,"Caucasian","Lung cancer"
"9",9,"PIK3CA","E542K","Frequently mutated in various cancers, including breast, colon, and lung",0.31,0.03,"Asian","Prostate cancer"
"10",10,"PTEN","R130G","Associated with increased risk of multiple types of cancer",0.44,0.08,"Caucasian","Skin cancer"
"11",11,"RB1","R661W","Frequently mutated in various types of cancer, including retinoblastoma",0.27,0.04,"African American","Retinoblastoma"
"12",12,"SMAD4","R361H","Associated with increased risk of pancreatic cancer",0.39,0.01,"Hispanic","Pancreatic cancer"
"13",13,"SMC1A","N496K","Associated with increased risk of Cornelia de Lange syndrome",0.18,0.02,"Caucasian","Cornelia de Lange syndrome"
"14",14,"SMC3","N1020Y","Associated with increased risk of colorectal cancer",0.51,0.09,"Asian","Colorectal"
"15",15,"STAT3","Y640F","Frequently mutated in various types of cancer, including lymphoma and leukemia",0.62,0.05,"American","Lymphoma African"
"16",16,"TET2","G1664R","Frequently mutated in myelodysplastic syndromes and acute myeloid leukemia",0.29,0.03,"Hispanic","Myelodysplastic syndrome"
"17",17,"TGFBR2","R537P","Associated with increased risk of hereditary nonpolyposis colorectal cancer",0.76,0.01,"Caucasian","Hereditary nonpolyposis colorectal cancer"
"18",18,"TP53","R175H","Associated with increased risk of many types of cancer, including breast and colon",0.47,0.02,"African American","Breast cancer"
"19",19,"VHL","R167W","Associated with increased risk of renal cell carcinoma",0.53,0.05,"Hispanic","Renal cell carcinoma"
"20",20,"XPA","R228H","Associated with increased risk of skin cancer and xeroderma pigmentosum",0.61,0.06,"Caucasian","Skin cancer"
"21",21,"XRCC2","R188H","Associated with increased risk of breast cancer and ovarian cancer",0.36,0.08,"Asian","Breast cancer"
"22",22,"ZFHX3","R622W","Associated with increased risk of schizophrenia and bipolar disorder",0.12,0.02,"Caucasian","Schizophrenia"
"23",23,"BRCA1","R361H","A study found that individuals with this variant had a higher risk of developing breast and ovarian cancer.",0.63,0.01,"Asian","Lung Cancer"
"24",24,"BRCA1","E1038G","Associated with increased risk of breast and ovarian cancer",0.21,0.01,"African","Lung Cancer"
"25",25,"BRCA1","E1038G","Associated with increased risk of breast and ovarian cancer",0.48,0.01,"Caucasian","Breast Cancer"
"26",26,"BRCA1","D835Y","This variant has been found to be associated with increased sensitivity to chemotherapy.",0.36,0.03,"Asian","Breast Cancer"
"27",27,"BRCA1","D835Y","This variant has been found to be associated with increased sensitivity to chemotherapy.",0.42,0.03,"Caucasian","Lung Cancer"
"28",28,"BRCA1","D835Y","This variant has been found to be associated with increased sensitivity to chemotherapy.",0.18,0.03,"African","Lung Cancer"
"29",29,"BRCA1","R396C",NA,0.75,0.02,"Caucasian","Prostate"
"30",30,"FLT3","E1038G","Individuals with this variant have an increased risk of developing acute myeloid leukemia.",0.31,0.04,"Asian","Prostate Cancer"
"31",31,"FLT3","R622W","A study found that this variant is associated with a higher response rate to FLT3 inhibitors in patients with acute myeloid leukemia.",0.28,0.06,"Hispanic","Lung Cancer"
"32",32,"FLT3","D835Y","Associated with poor prognosis in acute myeloid leukemia patients",0.59,0.02,"Asian","Lung Cancer"
"33",33,"GATA2","E1038G","This variant has been found to be associated with an increased risk of developing myelodysplastic syndrome.",0.14,0.09,"African","Lung"
"34",34,"JAK2","K57N","This variant is commonly found in patients with myeloproliferative neoplasms and is associated with a poorer prognosis.",0.67,0.05,"Caucasian","Lung"
"35",35,"MAP2K1","P2514R","A study found that individuals with this variant had a higher risk of developing colorectal cancer.",0.51,0.07,"Caucasian","Breast Cancer"
"36",36,"MAP2K1","E542K","This variant has been found to be associated with a poorer response to chemotherapy in patients with colorectal cancer.",0.42,0.02,"Asian","Breast Cancer"
"37",37,"NOTCH1","V617F","This variant has been found to be associated with a poorer prognosis in patients with T-cell acute lymphoblastic leukemia.",0.23,0.01,"Caucasian","Leukemia"
"38",38,"PIK3CA","R661W","This variant is commonly found in patients with lung cancer and is associated with a poorer prognosis.",0.57,0.08,"Asian","Colorectal Cancer"
"39",39,"PIK3CA","R396C","This variant has been found to be associated with a higher response rate to targeted therapy in patients with lung cancer.",0.41,0.06,"African","Colorectal Cancer"
"40",40,"PTEN","R361H","A study found that individuals with this variant had a higher risk of developing prostate cancer.",0.62,0.02,"African","Prostate Cancer"
"41",41,"RB1","N496K","This variant is commonly found in patients with retinoblastoma and is associated with a higher risk of developing secondary cancers.",0.28,0.03,"Caucasian","Retinoblastoma"
"42",42,"SMAD4","R188H","This variant has been found to be associated with a higher risk of developing pancreatic cancer.",0.39,0.04,"Hispanic","Pancreatic Cancer"
"43",43,"SMC1A","R361H","This variant is commonly found in patients with Cornelia de Lange syndrome and is associated with a more severe phenotype.",0.18,0.05,"African","Ovarian Cancer"
"44",44,"SMC3","R396C","This variant is commonly found in patients with colorectal cancer and is associated with a poorer prognosis.",0.35,0.07,"Caucasian","Ovarian"
"45",45,"STAT3","V617F","A study found that individuals with this variant had a higher risk of developing lymphoma.",0.49,0.01,"African","Leukemia"
"46",46,"TET2","N1020Y","This variant is commonly found in patients with myelodysplastic syndrome and is associated with a poorer prognosis.",0.27,0.02,"African","Myelodysplastic Syndrome"
"47",5,"MAP2K1","K57N","Associated with increased risk of colorectal cancer",0.62,0.1,"Caucasian","Myeloproliferative neoplasm"
"48",6,"SMAD4","R361H","Associated with increased risk of pancreatic cancer",0.29,0.01,"African American","Colorectal"
"49",7,"TGFBR2","R537P","Associated with increased risk of hereditary nonpolyposis colorectal cancer",0.76,0.01,"Hispanic","T-cell acute lymphoblastic leukemia"
"50",8,"ZFHX3","R622W","Associated with increased risk of schizophrenia and bipolar disorder",0.47,0.02,"Caucasian","Lung cancer"
"51",9,"FLT3","R622W","A study found that this variant is associated with a higher response rate to FLT3 inhibitors in patients with acute myeloid leukemia.",0.53,0.06,"Asian","Prostate cancer"
"52",10,"FLT3","E1038G","Individuals with this variant have an increased risk of developing acute myeloid leukemia.",0.61,0.04,"Caucasian","Skin cancer"
"53",11,"FLT3","E1038G","Individuals with this variant have an increased risk of developing acute myeloid leukemia.",0.36,0.04,"African American","Retinoblastoma"
"54",12,"FLT3","E1038G","Individuals with this variant have an increased risk of developing acute myeloid leukemia.",0.12,0.04,"Hispanic","Pancreatic cancer"
"55",13,"BRCA1","E1038G","Associated with increased risk of breast and ovarian cancer",0.63,0.01,"Caucasian","Cornelia de Lange syndrome"
"56",26,"BRCA1","E1038G","Associated with increased risk of breast and ovarian cancer",0.21,0.01,"Asian","Breast Cancer"
"57",27,"BRCA1","E1038G","Associated with increased risk of breast and ovarian cancer",0.48,0.01,"Caucasian","Lung Cancer"
"58",28,"BRCA1","R396C",NA,0.12,0.02,"African","Lung Cancer"
"59",29,"TET2","N1020Y","This variant is commonly found in patients with myelodysplastic syndrome and is associated with a poorer prognosis.",0.63,0.02,"Caucasian","Prostate"
"60",30,"BRCA1","D835Y","This variant has been found to be associated with increased sensitivity to chemotherapy.",0.21,0.03,"Asian","Prostate Cancer"
"61",31,"PIK3CA","R661W","This variant is commonly found in patients with lung cancer and is associated with a poorer prognosis.",0.48,0.08,"Hispanic","Lung Cancer"
"62",43,"SMC3","N1020Y","Associated with increased risk of colorectal cancer",0.36,0.09,"African","Ovarian Cancer"
"63",44,"RB1","R661W","Frequently mutated in various types of cancer, including retinoblastoma",0.42,0.04,"Caucasian","Ovarian"
"64",45,"PTEN","R130G","Associated with increased risk of multiple types of cancer",0.18,0.08,"African","Leukemia"
"65",6,"NOTCH1","P2514R","Found in many cases of T-cell acute lymphoblastic leukemia",0.75,0.07,"African American","Colorectal"
"66",7,"PIK3CA","E542K","Frequently mutated in various cancers, including breast, colon, and lung",0.31,0.03,"Hispanic","T-cell acute lymphoblastic leukemia"
"67",8,"BRCA1","R361H","A study found that individuals with this variant had a higher risk of developing breast and ovarian cancer.",0.28,0.01,"Caucasian","Lung cancer"
"68",9,"BRCA1","D835Y","This variant has been found to be associated with increased sensitivity to chemotherapy.",0.59,0.03,"Asian","Prostate cancer"
"69",10,"BRCA1","R396C",NA,0.61,0.02,"Caucasian","Skin cancer"
"70",11,"JAK2","K57N","This variant is commonly found in patients with myeloproliferative neoplasms and is associated with a poorer prognosis.",0.36,0.05,"African American","Retinoblastoma"
"71",12,"MAP2K1","P2514R","A study found that individuals with this variant had a higher risk of developing colorectal cancer.",0.12,0.07,"Hispanic","Pancreatic cancer"
"72",28,"PIK3CA","R661W","This variant is commonly found in patients with lung cancer and is associated with a poorer prognosis.",0.63,0.08,"African","Lung Cancer"
"73",29,"PIK3CA","R396C","This variant has been found to be associated with a higher response rate to targeted therapy in patients with lung cancer.",0.21,0.06,"Caucasian","Prostate"
"74",30,"PTEN","R361H","A study found that individuals with this variant had a higher risk of developing prostate cancer.",0.48,0.02,"Asian","Prostate Cancer"
"75",31,"GATA2","R396C","Associated with susceptibility to myelodysplastic syndrome",0.36,0.05,"Hispanic","Lung Cancer"
"76",43,"PTEN","R130G","Associated with increased risk of multiple types of cancer",0.42,0.08,"African","Ovarian Cancer"
"77",44,"XPA","R228H","Associated with increased risk of skin cancer and xeroderma pigmentosum",0.18,0.06,"Caucasian","Ovarian"
"78",8,"NOTCH1","P2514R","Found in many cases of T-cell acute lymphoblastic leukemia",0.75,0.07,"Caucasian","Lung cancer"
"79",9,"JAK2","V617F","Found in many cases of myeloproliferative neoplasms",0.31,0.02,"Asian","Prostate cancer"
"80",10,"PIK3CA","R396C","This variant has been found to be associated with a higher response rate to targeted therapy in patients with lung cancer.",0.15,0.06,"Caucasian","Skin cancer"
"81",11,"PTEN","R361H","A study found that individuals with this variant had a higher risk of developing prostate cancer.",0.03,0.02,"African American","Retinoblastoma"
"82",12,"RB1","N496K","This variant is commonly found in patients with retinoblastoma and is associated with a higher risk of developing secondary cancers.",0.37,0.03,"Hispanic","Pancreatic cancer"
"83",28,"JAK2","K57N","This variant is commonly found in patients with myeloproliferative neoplasms and is associated with a poorer prognosis.",0.25,0.05,"African","Lung Cancer"
"84",31,"MAP2K1","E542K","This variant has been found to be associated with a poorer response to chemotherapy in patients with colorectal cancer.",0.58,0.02,"Hispanic","Lung Cancer"
"85",43,"RB1","R661W","Frequently mutated in various types of cancer, including retinoblastoma",0.21,0.04,"African","Ovarian Cancer"
"86",44,"SMAD4","R361H","Associated with increased risk of pancreatic cancer",0.32,0.01,"Caucasian","Ovarian"
"87",10,"FLT3","D835Y","Associated with poor prognosis in acute myeloid leukemia patients",0.23,0.02,"Caucasian","Skin cancer"
"88",11,"BRCA1","E1038G","Associated with increased risk of breast and ovarian cancer",0.19,0.01,"African American","Retinoblastoma"
"89",12,"FLT3","D835Y","Associated with poor prognosis in acute myeloid leukemia patients",0.18,0.02,"Hispanic","Pancreatic cancer"
"90",28,"BRCA1","E1038G","Associated with increased risk of breast and ovarian cancer",0.38,0.01,"African","Lung Cancer"
"91",31,"MAP2K1","K57N","Associated with increased risk of colorectal cancer",0.37,0.1,"Hispanic","Lung Cancer"
"92",11,"TGFBR2","R537P","Associated with increased risk of hereditary nonpolyposis colorectal cancer",0.18,0.01,"African American","Retinoblastoma"
"93",12,"TGFBR2","R537P","Associated with increased risk of hereditary nonpolyposis colorectal cancer",0.26,0.01,"Hispanic","Pancreatic cancer"
"94",28,"TGFBR2","R537P","Associated with increased risk of hereditary nonpolyposis colorectal cancer",0.48,0.01,"African","Lung Cancer"
"95",11,"TP53","R175H","Associated with increased risk of many types of cancer, including breast and colon",0.45,0.02,"African American","Retinoblastoma"
"96",12,"TP53","R175H","Associated with increased risk of many types of cancer, including breast and colon",0.28,0.02,"Hispanic","Pancreatic cancer"
"97",28,"TP53","R175H","Associated with increased risk of many types of cancer, including breast and colon",0.26,0.02,"African","Lung Cancer"
"98",11,"VHL","R167W","Associated with increased risk of renal cell carcinoma",0.55,0.05,"African American","Retinoblastoma"
"99",12,"VHL","R167W","Associated with increased risk of renal cell carcinoma",0.34,0.05,"Hispanic","Pancreatic cancer"
"100",28,"VHL","R167W","Associated with increased risk of renal cell carcinoma",0.43,0.05,"African","Lung Cancer"
"101",12,"TET2","N1020Y","This variant is commonly found in patients with myelodysplastic syndrome and is associated with a poorer prognosis.",0.42,0.02,"Hispanic","Pancreatic cancer"
"102",47,NA,NA,NA,NA,NA,"African","Myelodysplastic Syndrome"
